<?xml version="1.0" encoding="UTF-8"?>
<beans xmlns="http://www.springframework.org/schema/beans"
xmlns:xsi="http://www.w3.org/2001/XMLSchema-instance"
xmlns:tx="http://www.springframework.org/schema/tx"
xmlns:context="http://www.springframework.org/schema/context"
xmlns:mybatis-spring="http://mybatis.org/schema/mybatis-spring"
xsi:schemaLocation="http://mybatis.org/schema/mybatis-spring http://mybatis.org/schema/mybatis-spring-1.2.xsd
http://www.springframework.org/schema/context https://www.springframework.org/schema/context/spring-context.xsd
http://www.springframework.org/schema/beans https://www.springframework.org/schema/beans/spring-beans.xsd
http://www.springframework.org/schema/tx https://www.springframework.org/schema/tx/spring-tx.xsd">

<!-- datasource connection pool -->
<bean id="hikariConfig" class="com.zaxxer.hikari.HikariConfig">
<!--   <property name="driverClassName" value="oracle.jdbc.driver.OracleDriver" />
  <property name="jdbcUrl"    value="jdbc:oracle:thin:@127.0.0.1:1521:xe" /> -->
  <property name="driverClassName" value="net.sf.log4jdbc.sql.jdbcapi.DriverSpy" />
  <property name="jdbcUrl"    value="jdbc:log4jdbc:oracle:thin:@127.0.0.1:1521:xe" />
  <property name="username"   value="hr" />
  <property name="password"   value="hr" />
</bean>

<bean id="dataSource" class="com.zaxxer.hikari.HikariDataSource" destroy-method="close">
  <constructor-arg ref="hikariConfig" />
</bean>

</beans>
