<?xml version="1.0" encoding="UTF-8"?>
<beans xmlns="http://www.springframework.org/schema/beans"
	xmlns:xsi="http://www.w3.org/2001/XMLSchema-instance"
	xmlns:tx="http://www.springframework.org/schema/tx"
	xmlns:context="http://www.springframework.org/schema/context"
	xmlns:aop="http://www.springframework.org/schema/aop"
	xmlns:security="http://www.springframework.org/schema/security"
	xmlns:mybatis-spring="http://mybatis.org/schema/mybatis-spring"
	xsi:schemaLocation="http://mybatis.org/schema/mybatis-spring http://mybatis.org/schema/mybatis-spring-1.2.xsd
http://www.springframework.org/schema/context https://www.springframework.org/schema/context/spring-context.xsd
http://www.springframework.org/schema/aop https://www.springframework.org/schema/aop/spring-aop.xsd
http://www.springframework.org/schema/security https://www.springframework.org/schema/security/spring-security.xsd
http://www.springframework.org/schema/beans https://www.springframework.org/schema/beans/spring-beans.xsd
http://www.springframework.org/schema/tx https://www.springframework.org/schema/tx/spring-tx.xsd">

	<security:http pattern="/css/**" security="none" />
	<security:http>
		<security:intercept-url pattern="/all" access="permitAll()" />
		<security:intercept-url pattern="/login" access="permitAll()" />
		<security:intercept-url pattern="/admin" access="hasRole('ROLE_ADMIN')" />
		<security:intercept-url pattern="/**" access="isAuthenticated()" />
		<security:form-login login-page="/login"/>
<!-- 		<security:access-denied-handler error-page="/accessError"/> -->
		<security:access-denied-handler ref="deniedHandler"/>
	</security:http>
	<security:authentication-manager>
		<security:authentication-provider>
			<security:user-service>
				<security:user name="user" password="{noop}1234"
					authorities="ROLE_USER" />
				<security:user name="admin" password="{noop}1234"
					authorities="ROLE_ADMIN" />
			</security:user-service>
		</security:authentication-provider>
	</security:authentication-manager>

</beans>
