<?xml version="1.0" encoding="UTF-8"?>
<!DOCTYPE mapper PUBLIC "-//mybatis.org//DTD Mapper 3.0//EN" "http://mybatis.org/dtd/mybatis-3-mapper.dtd">
<mapper namespace="com.yedam.web.mapper.EmpMapper">

	<resultMap type="employees" id="employeMap">
		<id column="employee_id" property="employeeId"/>
		<result column="first_name" property="firstName"/>
		<result column="last_name" property="lastName"/>
		<association property="department">
			<result column="department_name" property="departmentName"/>
		</association>
	</resultMap>
	<select id="findEmployeeDepartment" resultType="employees">
		select 
		       e.manager_id as emp_manager_id, 
		       d.department_id,
		       d.department_name,
		       d.manager_id as dept_manager_id,
		       d.location_id
		  from employees e join departments d 
		                     on e.department_id =d.department_id     
		
	</select>
	<select id="findAll" resultType="employees" parameterType="SearchVO">
		select * from employees
		<where>
			<if test="departmentId != null">and department_id = #{departmentId}</if>
			<if test="salary != null">and salary <![CDATA[ < ]]> #{salary}</if>
			<if test="ids != null">  and employee_id in 
		       <foreach collection="ids" item="id" open="(" close=")" separator=",">  
		           #{id} 
		       </foreach> 
		    </if>
		</where>
	</select>
	
	<select id="findAlltoMap" resultType="map">
		select employee_id "employee_id",
       		   first_name "first_name",
       		   last_name 
		  from employees
	</select>
	<select id="getCount" resultType="Employees">
		select department_id, count(*) cnt
		  from employees group by department_id
	</select>
	
	<insert id="insert" parameterType="employees">
	  insert into employees (
			EMPLOYEE_ID,
			LAST_NAME,
			EMAIL,
			HIRE_DATE,
			JOB_ID)
	 values(
	        #{employeeId},
	        #{lastName},
	        #{email},
	        #{hireDate},
	        #{jobId}
	        )		
	</insert>
	<update id="updateFirstName" parameterType="employees" >
		update employees set
		       first_name = #{firstName}
		 where employee_id = #{employeeId}
	</update>
	<delete id="delete" parameterType="int">
		delete from employees 
		 where employee_id = #{value} 
	</delete>
</mapper>