<?xml version="1.0" encoding="UTF-8"?>
<Configuration status="WARN">
	<Appenders>
		<Console name="Console" target="SYSTEM_OUT">
			<PatternLayout
				pattern="%d{HH:mm:ss.SSS} [%t] %-5level %logger{36} - %msg%n" />
		</Console>
	</Appenders>

	<Loggers>
		<!-- INFO 로그들 -->
		<Logger name="jdbc.sqlonly" level="info" additivity="false">
			<AppenderRef ref="Console" />
		</Logger>

		<Logger name="jdbc.sqltiming" level="info" additivity="false">
			<AppenderRef ref="Console" />
		</Logger>

		<Logger name="jdbc.resultsettable" level="info"
			additivity="false">
			<AppenderRef ref="Console" />
		</Logger>

		<!-- WARN 로그들 -->
		<Logger name="jdbc.audit" level="warn" additivity="false">
			<AppenderRef ref="Console" />
		</Logger>

		<Logger name="jdbc.resultset" level="warn" additivity="false">
			<AppenderRef ref="Console" />
		</Logger>
		<Root level="info">
			<AppenderRef ref="Console" />
		</Root>
	</Loggers>
</Configuration>