<?xml version="1.0" encoding="UTF-8"?>
<Configuration status="WARN">
	<Appenders>
		<Console name="Console" target="SYSTEM_OUT">
			<PatternLayout
				pattern="%d{HH:mm:ss} %-5level %c{1} %M (%L) - %m%n" />
		</Console>
	</Appenders>

	<Loggers>
		<!-- INFO 로그들 -->
		<Logger name="jdbc.sqlonly" level="off" additivity="false">
			<AppenderRef ref="Console" />
		</Logger>

		<Logger name="jdbc.sqltiming" level="info" additivity="false">
			<AppenderRef ref="Console" />
		</Logger>

		<Logger name="jdbc.resultsettable" level="info"
			additivity="false">
			<AppenderRef ref="Console" />
		</Logger>

		<!-- WARN 로그들 -->
		<Logger name="jdbc.connection" level="off" additivity="false">
			<AppenderRef ref="Console" />
		</Logger>
				
		<Logger name="jdbc.audit" level="off" additivity="false">
			<AppenderRef ref="Console" />
		</Logger>

		<Logger name="jdbc.resultset" level="off" additivity="false">
			<AppenderRef ref="Console" />
		</Logger>
		
		<Root level="info">
			<AppenderRef ref="Console" />
		</Root>
	</Loggers>
</Configuration>